Id	Tense	Sentence
1	Simple Present Tense	He goes to work.
2	Present Continuous Tense	He is going to work.
3	Present Perfect Tense	He has gone to work.
4	Present Perfect Continuous Tense	He has been going to work.
5	Simple Past Tense	He went to work.
6	Past Continuous Tense	He was going to work.
7	Past Perfect Tense	He had gone to work.
8	Past Perfect Continuous Tense	He had been going to work.
9	Simple Future Tense	He will go to work.
10	Future Continuous Tense	He will be going to work.
11	Future Perfect Tense	He will have gone to work.
12	Future Perfect Continuous Tense	He will have been going to work.
13	Simple Present Tense	He drinks a glass of water.
14	Present Continuous Tense	He is drinking a glass of water.
15	Present Perfect Tense	He has drunk a glass of water.
16	Present Perfect Continuous Tense	He has been drinking a glass of water.
17	Simple Past Tense	He drank a glass of water.
18	Past Continuous Tense	He was drinking a glass of water.
19	Past Perfect Tense	He had drunk a glass of water.
20	Past Perfect Continuous Tense	He had been drinking a glass of water.
21	Simple Future Tense	He will drink a glass of water.
22	Future Continuous Tense	He will be drinking a glass of water.
23	Future Perfect Tense	He will have drunk a glass of water.
24	Future Perfect Continuous Tense	He will have been drinking a glass of water.
25	Simple Present Tense	He reads a book.
26	Present Continuous Tense	He is reading a book.
27	Present Perfect Tense	He has read a book.
28	Present Perfect Continuous Tense	He has been reading a book.
29	Simple Past Tense	He read a book.
30	Past Continuous Tense	He was reading a book.
31	Past Perfect Tense	He had read a book.
32	Past Perfect Continuous Tense	He had been reading a book.
33	Simple Future Tense	He will read a book.
34	Future Continuous Tense	He will be reading a book.
35	Future Perfect Tense	He will have read a book.
36	Future Perfect Continuous Tense	He will have been reading a book.
37	Simple Present Tense	He has a car.
38	Present Continuous Tense	He is having a car.
39	Present Perfect Tense	He has had a car.
40	Present Perfect Continuous Tense	He has been having a car.
41	Simple Past Tense	He had a car.
42	Past Continuous Tense	He was having a car.
43	Past Perfect Tense	He had had a car.
44	Past Perfect Continuous Tense	He had been having a car.
45	Simple Future Tense	He will have a car.
46	Future Continuous Tense	He will be having a car.
47	Future Perfect Tense	He will have had a car.
48	Future Perfect Continuous Tense	He will have been having a car.
49	Simple Present Tense	He says he is going to work.
50	Present Continuous Tense	He is saying he is going to work.
51	Present Perfect Tense	He has said he is going to work.
52	Present Perfect Continuous Tense	He has been saying he is going to work.
53	Simple Past Tense	He said he was going to work.
54	Past Continuous Tense	He was saying he was going to work.
55	Past Perfect Tense	He had said he was going to work.
56	Past Perfect Continuous Tense	He had been saying he was going to work.
57	Simple Future Tense	He will say he is going to work.
58	Future Continuous Tense	He will be saying he is going to work.
59	Future Perfect Tense	He will have said he is going to work.
60	Future Perfect Continuous Tense	He will have been saying he is going to work.
61	Simple Present Tense	He does not go to work.
62	Present Continuous Tense	He is not going to work.
63	Present Perfect Tense	He has not gone to work.
64	Present Perfect Continuous Tense	He has not been going to work.
65	Simple Past Tense	He did not go to work.
66	Past Continuous Tense	He was not going to work.
67	Past Perfect Tense	He had not gone to work.
68	Past Perfect Continuous Tense	He had not been going to work.
69	Simple Future Tense	He will not go to work.
70	Future Continuous Tense	He will not be going to work.
71	Future Perfect Tense	He will not have gone to work.
72	Future Perfect Continuous Tense	He will not have been going to work.
73	Simple Present Tense	He writes a letter.
74	Present Continuous Tense	He is writing a letter.
75	Present Perfect Tense	He has written a letter.
76	Present Perfect Continuous Tense	He has been writing a letter.
77	Simple Past Tense	He wrote a letter.
78	Past Continuous Tense	He was writing a letter.
79	Past Perfect Tense	He had written a letter.
80	Past Perfect Continuous Tense	He had been writing a letter.
81	Simple Future Tense	He will write a letter.
82	Future Continuous Tense	He will be writing a letter.
83	Future Perfect Tense	He will have written a letter.
84	Future Perfect Continuous Tense	He will have been writing a letter.
85	Simple Present Tense	He looks at the sky.
86	Present Continuous Tense	He is looking at the sky.
87	Present Perfect Tense	He has looked at the sky.
88	Present Perfect Continuous Tense	He has been looking at the sky.
89	Simple Past Tense	He looked at the sky.
90	Past Continuous Tense	He was looking at the sky.
91	Past Perfect Tense	He had looked at the sky.
92	Past Perfect Continuous Tense	He had been looking at the sky.
93	Simple Future Tense	He will look at the sky.
94	Future Continuous Tense	He will be looking at the sky.
95	Future Perfect Tense	He will have looked at the sky.
96	Future Perfect Continuous Tense	He will have been looking at the sky.
97	Simple Present Tense	She eats a sandwich.
98	Present Continuous Tense	She is eating a sandwich.
99	Present Perfect Tense	She has eaten a sandwich.
100	Present Perfect Continuous Tense	She has been eating a sandwich.
101	Simple Past Tense	She ate a sandwich.
102	Past Continuous Tense	She was eating a sandwich.
103	Past Perfect Tense	She had eaten a sandwich.
104	Past Perfect Continuous Tense	She had been eating a sandwich.
105	Simple Future Tense	She will eat a sandwich.
106	Future Continuous Tense	She will be eating a sandwich.
107	Future Perfect Tense	She will have eaten a sandwich.
108	Future Perfect Continuous Tense	She will have been eating a sandwich.
109	Simple Present Tense	He lives in a flat.
110	Present Continuous Tense	He is living in a flat.
111	Present Perfect Tense	He has lived in a flat.
112	Present Perfect Continuous Tense	He has been living in a flat.
113	Simple Past Tense	He lived in a flat.
114	Past Continuous Tense	He was living in a flat.
115	Past Perfect Tense	He had lived in a flat.
116	Past Perfect Continuous Tense	He had been living in a flat.
117	Simple Future Tense	He will live in a flat.
118	Future Continuous Tense	He will be living in a flat.
119	Future Perfect Tense	He will have lived in a flat.
120	Future Perfect Continuous Tense	He will have been living in a flat.
121	Simple Present Tense	He likes music.
122	Present Continuous Tense	He is liking music.
123	Present Perfect Tense	He has liked music.
124	Present Perfect Continuous Tense	He has been liking music.
125	Simple Past Tense	He liked music.
126	Past Continuous Tense	He was liking music.
127	Past Perfect Tense	He had liked music.
128	Past Perfect Continuous Tense	He had been liking music.
129	Simple Future Tense	He will like music.
130	Future Continuous Tense	He will be liking music.
131	Future Perfect Tense	He will have liked music.
132	Future Perfect Continuous Tense	He will have been liking music.
133	Simple Present Tense	He sits on the chair.
134	Present Continuous Tense	He is sitting on the chair.
135	Present Perfect Tense	He has sat on the chair.
136	Present Perfect Continuous Tense	He has been sitting on the chair.
137	Simple Past Tense	He sat on the chair.
138	Past Continuous Tense	He was sitting on the chair.
139	Past Perfect Tense	He had sat on the chair.
140	Past Perfect Continuous Tense	He had been sitting on the chair.
141	Simple Future Tense	He will sit on the chair.
142	Future Continuous Tense	He will be sitting on the chair.
143	Future Perfect Tense	He will have sat on the chair.
144	Future Perfect Continuous Tense	He will have been sitting on the chair.
145	Simple Present Tense	She sings a song.
146	Present Continuous Tense	She is singing the song.
147	Present Perfect Tense	She has sung the song.
148	Present Perfect Continuous Tense	She has been singing my song.
149	Simple Past Tense	She sang the song.
150	Past Continuous Tense	She was singing a song.
151	Past Perfect Tense	She had sung the song.
152	Past Perfect Continuous Tense	She had been singing the song.
153	Simple Future Tense	She will sing a song.
154	Future Continuous Tense	She will be singing the song.
155	Future Perfect Tense	She will have sung the song.
156	Future Perfect Continuous Tense	She will have been singing the song.
157	Simple Present Tense	He does his homework.
158	Present Continuous Tense	He is doing his homework.
159	Present Perfect Tense	He has done his homework.
160	Present Perfect Continuous Tense	He has been doing his homework.
161	Simple Past Tense	He did his homework.
162	Past Continuous Tense	He was doing his homework.
163	Past Perfect Tense	He had done his homework.
164	Past Perfect Continuous Tense	He had been doing his homework.
165	Simple Future Tense	He will do his homework.
166	Future Continuous Tense	He will be doing his homework.
167	Future Perfect Tense	He will have done his homework.
168	Future Perfect Continuous Tense	He will have been doing his homework.
169	Simple Present Tense	He teaches a class.
170	Present Continuous Tense	He is teaching a class.
171	Present Perfect Tense	He has taught a class.
172	Present Perfect Continuous Tense	He has been teaching a class.
173	Simple Past Tense	He taught a class.
174	Past Continuous Tense	He was teaching a class.
175	Past Perfect Tense	He had taught a class.
176	Past Perfect Continuous Tense	He had been teaching a class.
177	Simple Future Tense	He will teach a class.
178	Future Continuous Tense	He will be teaching a class.
179	Future Perfect Tense	He will have taught a class.
180	Future Perfect Continuous Tense	He will have been teaching a class.
181	Simple Present Tense	He is a teacher.
182	Present Continuous Tense	He is being a teacher.
183	Present Perfect Tense	He has been a teacher.
184	Present Perfect Continuous Tense	He has been being a teacher.
185	Simple Past Tense	He was a teacher.
186	Past Continuous Tense	He was being a teacher.
187	Past Perfect Tense	He had been a teacher.
188	Past Perfect Continuous Tense	He had been being a teacher.
189	Simple Future Tense	He will be a teacher.
190	Future Continuous Tense	He will be being a teacher.
191	Future Perfect Tense	He will have been a teacher.
192	Future Perfect Continuous Tense	He will have been being a teacher.
193	Simple Present Tense	He paints the wall.
194	Present Continuous Tense	He is painting the wall.
195	Present Perfect Tense	He has painted the wall.
196	Present Perfect Continuous Tense	He has been painting the wall.
197	Simple Past Tense	He painted the wall.
198	Past Continuous Tense	He was painting the wall.
199	Past Perfect Tense	He had painted the wall.
200	Past Perfect Continuous Tense	He had been painting the wall.
201	Simple Future Tense	He will paint the wall.
202	Future Continuous Tense	He will be painting the wall.
203	Future Perfect Tense	He will have painted the wall.
204	Future Perfect Continuous Tense	He will have been painting the wall.
205	Simple Present Tense	He knows the answer.
206	Present Continuous Tense	He is knowing the answer.
207	Present Perfect Tense	He has known the answer.
208	Present Perfect Continuous Tense	He has been knowing the answer.
209	Simple Past Tense	He knew the answer.
210	Past Continuous Tense	He was knowing the answer.
211	Past Perfect Tense	He had known the answer.
212	Past Perfect Continuous Tense	He had been knowing the answer.
213	Simple Future Tense	He will know the answer.
214	Future Continuous Tense	He will be knowing the answer.
215	Future Perfect Tense	He will have known the answer.
216	Future Perfect Continuous Tense	He will have been knowing the answer.
217	Simple Present Tense	She goes to school.
218	Present Continuous Tense	She is going to school.
219	Present Perfect Tense	She has gone to school.
220	Present Perfect Continuous Tense	She has been going to school.
221	Simple Past Tense	She went to school.
222	Past Continuous Tense	She was going to school.
223	Past Perfect Tense	She had gone to school.
224	Past Perfect Continuous Tense	She had been going to school.
225	Simple Future Tense	She will go to school.
226	Future Continuous Tense	She will be going to school.
227	Future Perfect Tense	She will have gone to school.
228	Future Perfect Continuous Tense	She will have been going to school.
229	Simple Present Tense	He watches TV.
230	Present Continuous Tense	He is watching TV.
231	Present Perfect Tense	He has been watching TV.
232	Present Perfect Continuous Tense	He has been watching TV.
233	Simple Past Tense	He watched TV.
234	Past Continuous Tense	He was watching TV.
235	Past Perfect Tense	He had watched TV.
236	Past Perfect Continuous Tense	He had been watching TV.
237	Simple Future Tense	He will watch TV.
238	Future Continuous Tense	He will be watching TV.
239	Future Perfect Tense	He will have watched TV.
240	Future Perfect Continuous Tense	He will have been watching TV.
241	Simple Present Tense	He plays football.
242	Present Continuous Tense	He is playing football.
243	Present Perfect Tense	He has played football.
244	Present Perfect Continuous Tense	He has been playing football.
245	Simple Past Tense	He played football.
246	Past Continuous Tense	He was playing football.
247	Past Perfect Tense	He had played football.
248	Past Perfect Continuous Tense	He had been playing football.
249	Simple Future Tense	He will play football.
250	Future Continuous Tense	He will be playing football.
251	Future Perfect Tense	He will have played football.
252	Future Perfect Continuous Tense	He will have been playing football.
253	Simple Present Tense	He takes the bus.
254	Present Continuous Tense	He is taking the bus.
255	Present Perfect Tense	He has taken the bus.
256	Present Perfect Continuous Tense	He has been taking the bus.
257	Simple Past Tense	He took the bus.
258	Past Continuous Tense	He was taking the bus.
259	Past Perfect Tense	He had taken the bus.
260	Past Perfect Continuous Tense	He had been taking the bus.
261	Simple Future Tense	He will take the bus.
262	Future Continuous Tense	He will be taking the bus.
263	Future Perfect Tense	He will have taken the bus.
264	Future Perfect Continuous Tense	He will have been taking the bus.
265	Simple Present Tense	She dances.
266	Present Continuous Tense	She is dancing.
267	Present Perfect Tense	She has danced.
268	Present Perfect Continuous Tense	She has been dancing.
269	Simple Past Tense	She danced.
270	Past Continuous Tense	She was dancing.
271	Past Perfect Tense	She had danced.
272	Past Perfect Continuous Tense	She had been dancing.
273	Simple Future Tense	She will dance.
274	Future Continuous Tense	She will be dancing.
275	Future Perfect Tense	She will have danced.
276	Future Perfect Continuous Tense	She will have been dancing.
277	Simple Present Tense	He laughs.
278	Present Continuous Tense	He is laughing.
279	Present Perfect Tense	He has laughed.
280	Present Perfect Continuous Tense	He has been laughing.
281	Simple Past Tense	He laughed.
282	Past Continuous Tense	He was laughing.
283	Past Perfect Tense	He had laughed.
284	Past Perfect Continuous Tense	He had been laughing.
285	Simple Future Tense	He will laugh.
286	Future Continuous Tense	He will be laughing.
287	Future Perfect Tense	He will have laughed.
288	Future Perfect Continuous Tense	He will have been laughing.
289	Simple Present Tense	She plays.
290	Present Continuous Tense	She is playing.
291	Present Perfect Tense	She has played.
292	Present Perfect Continuous Tense	She has been playing.
293	Simple Past Tense	She played.
294	Past Continuous Tense	She was playing.
295	Past Perfect Tense	She had played.
296	Past Perfect Continuous Tense	She had been playing.
297	Simple Future Tense	She will play.
298	Future Continuous Tense	She will be playing.
299	Future Perfect Tense	She will have played.
300	Future Perfect Continuous Tense	She will have been playing.
301	Simple Present Tense	She runs.
302	Present Continuous Tense	She is running.
303	Present Perfect Tense	She has run.
304	Present Perfect Continuous Tense	She has been running.
305	Simple Past Tense	She ran.
306	Past Continuous Tense	She was running.
307	Past Perfect Tense	She had run.
308	Past Perfect Continuous Tense	She had been running.
309	Simple Future Tense	She will run.
310	Future Continuous Tense	She will be running.
311	Future Perfect Tense	She will have run.
312	Future Perfect Continuous Tense	She will have been running.
313	Simple Present Tense	She works.
314	Present Continuous Tense	She is working.
315	Present Perfect Tense	She has worked.
316	Present Perfect Continuous Tense	She has been working.
317	Simple Past Tense	She worked.
318	Past Continuous Tense	She was working.
319	Past Perfect Tense	She had worked.
320	Past Perfect Continuous Tense	She had been working.
321	Simple Future Tense	She will work.
322	Future Continuous Tense	She will be working.
323	Future Perfect Tense	She will have worked.
324	Future Perfect Continuous Tense	She will have been working.
325	Simple Present Tense	She walks.
326	Present Continuous Tense	She is walking.
327	Present Perfect Tense	She has walked.
328	Present Perfect Continuous Tense	She has been walking.
329	Simple Past Tense	She walked.
330	Past Continuous Tense	She was walking.
331	Past Perfect Tense	She had walked.
332	Past Perfect Continuous Tense	She had been walking.
333	Simple Future Tense	She will walk.
334	Future Continuous Tense	She will be walking.
335	Future Perfect Tense	She will have walked.
336	Future Perfect Continuous Tense	She will have been walking.
337	Simple Present Tense	He swims.
338	Present Continuous Tense	He is swimming.
339	Present Perfect Tense	He has swum.
340	Present Perfect Continuous Tense	He has been swimming.
341	Simple Past Tense	He swam.
342	Past Continuous Tense	He was swimming.
343	Past Perfect Tense	He had swum.
344	Past Perfect Continuous Tense	He had been swimming.
345	Simple Future Tense	He will swim.
346	Future Continuous Tense	He will be swimming.
347	Future Perfect Tense	He will have swum.
348	Future Perfect Continuous Tense	He will have been swimming.
349	Simple Present Tense	He sees.
350	Present Continuous Tense	He is seeing.
351	Present Perfect Tense	He has seen.
352	Present Perfect Continuous Tense	He has been seeing.
353	Simple Past Tense	He saw.
354	Past Continuous Tense	He was seeing.
355	Past Perfect Tense	He had seen.
356	Past Perfect Continuous Tense	He had been seeing.
357	Simple Future Tense	He will see.
358	Future Continuous Tense	He will be seeing.
359	Future Perfect Tense	He will have seen.
360	Future Perfect Continuous Tense	He will have been seeing.
361	Simple Present Tense	He hears.
362	Present Continuous Tense	He is hearing.
363	Present Perfect Tense	He has heard.
364	Present Perfect Continuous Tense	He has been hearing.
365	Simple Past Tense	He heard.
366	Past Continuous Tense	He was hearing.
367	Past Perfect Tense	He had heard.
368	Past Perfect Continuous Tense	He had been hearing.
369	Simple Future Tense	He will hear.
370	Future Continuous Tense	He will be hearing.
371	Future Perfect Tense	He will have heard.
372	Future Perfect Continuous Tense	He will have been hearing.
373	Simple Present Tense	She trains.
374	Present Continuous Tense	She is training.
375	Present Perfect Tense	She has trained.
376	Present Perfect Continuous Tense	She has been training.
377	Simple Past Tense	She trained.
378	Past Continuous Tense	She was training.
379	Past Perfect Tense	She had trained.
380	Past Perfect Continuous Tense	She had been training.
381	Simple Future Tense	She will train.
382	Future Continuous Tense	She will be training.
383	Future Perfect Tense	She will have trained.
384	Future Perfect Continuous Tense	She will have been training.
385	Simple Present Tense	It breaks.
386	Present Continuous Tense	It is breaking.
387	Present Perfect Tense	It has broken.
388	Present Perfect Continuous Tense	It has been breaking.
389	Simple Past Tense	It broke.
390	Past Continuous Tense	It was breaking.
391	Past Perfect Tense	It had broken.
392	Past Perfect Continuous Tense	It had been breaking.
393	Simple Future Tense	It will break.
394	Future Continuous Tense	It will be breaking.
395	Future Perfect Tense	It will have broken.
396	Future Perfect Continuous Tense	It will have been breaking.
397	Simple Present Tense	It rains.
398	Present Continuous Tense	It is raining.
399	Present Perfect Tense	It has rained.
400	Present Perfect Continuous Tense	It has been raining.
401	Simple Past Tense	It rained.
402	Past Continuous Tense	It was raining.
403	Past Perfect Tense	It had rained.
404	Past Perfect Continuous Tense	It had been raining.
405	Simple Future Tense	It will rain.
406	Future Continuous Tense	It will be raining.
407	Future Perfect Tense	It will have rained.
408	Future Perfect Continuous Tense	It will have been raining.
409	Simple Present Tense	She loves.
410	Present Continuous Tense	She is loving.
411	Present Perfect Tense	She has loved.
412	Present Perfect Continuous Tense	She has been loving.
413	Simple Past Tense	She loved.
414	Past Continuous Tense	She was loving.
415	Past Perfect Tense	She had loved.
416	Past Perfect Continuous Tense	She had been loving.
417	Simple Future Tense	She will love.
418	Future Continuous Tense	She will be loving.
419	Future Perfect Tense	She will have loved.
420	Future Perfect Continuous Tense	She will have been loving.
421	Simple Present Tense	She repeats it.
422	Present Continuous Tense	She is repeating it.
423	Present Perfect Tense	She has repeated it.
424	Present Perfect Continuous Tense	She has been repeating it.
425	Simple Past Tense	She repeated it.
426	Past Continuous Tense	She was repeating it.
427	Past Perfect Tense	She had repeated it.
428	Past Perfect Continuous Tense	She had been repeating it.
429	Simple Future Tense	She will repeat it.
430	Future Continuous Tense	She will be repeating it.
431	Future Perfect Tense	She will have repeated it.
432	Future Perfect Continuous Tense	She will have been repeating it.
433	Simple Present Tense	She asks for help.
434	Present Continuous Tense	She is asking for help.
435	Present Perfect Tense	She has asked for help.
436	Present Perfect Continuous Tense	She has been asking for help.
437	Simple Past Tense	She asked for help.
438	Past Continuous Tense	She was asking for help.
439	Past Perfect Tense	She had asked for help.
440	Past Perfect Continuous Tense	She had been asking for help.
441	Simple Future Tense	She will ask for help.
442	Future Continuous Tense	She will be asking for help.
443	Future Perfect Tense	She will have asked for help.
444	Future Perfect Continuous Tense	She will have been asking for help.
445	Simple Present Tense	He thinks about it.
446	Present Continuous Tense	He is thinking about it.
447	Present Perfect Tense	He has thought about it.
448	Present Perfect Continuous Tense	He has been thinking about it.
449	Simple Past Tense	He thought about it.
450	Past Continuous Tense	He was thinking about it.
451	Past Perfect Tense	He had thought about it.
452	Past Perfect Continuous Tense	He had been thinking about it.
453	Simple Future Tense	He will think about it.
454	Future Continuous Tense	He will be thinking about it.
455	Future Perfect Tense	He will have thought about it.
456	Future Perfect Continuous Tense	He will have been thinking about it.
457	Simple Present Tense	She learns about it.
458	Present Continuous Tense	She is learning about it.
459	Present Perfect Tense	She has learned about it.
460	Present Perfect Continuous Tense	She has been learning about it.
461	Simple Past Tense	She learned about it.
462	Past Continuous Tense	She was learning about it.
463	Past Perfect Tense	She had learned about it.
464	Past Perfect Continuous Tense	She had been learning about it.
465	Simple Future Tense	She will learn about it.
466	Future Continuous Tense	She will be learning about it.
467	Future Perfect Tense	She will have learned about it.
468	Future Perfect Continuous Tense	She will have been learning about it.
469	Simple Present Tense	He talks about it.
470	Present Continuous Tense	He is talking about it.
471	Present Perfect Tense	He has talked about it.
472	Present Perfect Continuous Tense	He has been talking about it.
473	Simple Past Tense	He talked about it.
474	Past Continuous Tense	He was talking about it.
475	Past Perfect Tense	He had talked about it.
476	Past Perfect Continuous Tense	He had been talking about it.
477	Simple Future Tense	He will talk about it.
478	Future Continuous Tense	He will be talking about it.
479	Future Perfect Tense	He will have talked about it.
480	Future Perfect Continuous Tense	He will have been talking about it.
481	Simple Present Tense	She hears the music.
482	Present Continuous Tense	She is hearing the music.
483	Present Perfect Tense	She has heard the music.
484	Present Perfect Continuous Tense	She has been hearing the music.
485	Simple Past Tense	She heard the music.
486	Past Continuous Tense	She was hearing the music.
487	Past Perfect Tense	She had heard the music.
488	Past Perfect Continuous Tense	She had been hearing the music.
489	Simple Future Tense	She will hear the music.
490	Future Continuous Tense	She will be hearing the music.
491	Future Perfect Tense	She will have heard the music.
492	Future Perfect Continuous Tense	She will have been hearing the music.
493	Simple Present Tense	She wants to go.
494	Present Continuous Tense	She is wanting to go.
495	Present Perfect Tense	She has wanted to go.
496	Present Perfect Continuous Tense	She has been wanting to go.
497	Simple Past Tense	She wanted to go.
498	Past Continuous Tense	She was wanting to go.
499	Past Perfect Tense	She had wanted to go.
500	Past Perfect Continuous Tense	She had been wanting to go.
501	Simple Future Tense	She will want to go.
502	Future Continuous Tense	She will be wanting to go.
503	Future Perfect Tense	She will have wanted to go.
504	Future Perfect Continuous Tense	She will have been wanting to go.
505	Simple Present Tense	She speaks to him.
506	Present Continuous Tense	She is speaking to him.
507	Present Perfect Tense	She has spoken to him.
508	Present Perfect Continuous Tense	She has been speaking to him.
509	Simple Past Tense	She spoke to him.
510	Past Continuous Tense	She was speaking to him.
511	Past Perfect Tense	She had spoken to him.
512	Past Perfect Continuous Tense	She had been speaking to him.
513	Simple Future Tense	She will speak to him.
514	Future Continuous Tense	She will be speaking to him.
515	Future Perfect Tense	She will have spoken to him.
516	Future Perfect Continuous Tense	She will have been speaking to him.
517	Simple Present Tense	She comes to the party.
518	Present Continuous Tense	She is coming to the party.
519	Present Perfect Tense	She has come to the party.
520	Present Perfect Continuous Tense	She has been coming to the party.
521	Simple Past Tense	She came to the party.
522	Past Continuous Tense	She was coming to the party.
523	Past Perfect Tense	She had come to the party.
524	Past Perfect Continuous Tense	She had been coming to the party.
525	Simple Future Tense	She will come to the party.
526	Future Continuous Tense	She will be coming to the party.
527	Future Perfect Tense	She will have come to the party.
528	Future Perfect Continuous Tense	She will have been coming to the party.
529	Simple Present Tense	She drives a car.
530	Present Continuous Tense	She is driving a car.
531	Present Perfect Tense	She has driven a car.
532	Present Perfect Continuous Tense	She has been driving a car.
533	Simple Past Tense	She drove a car.
534	Past Continuous Tense	She was driving a car.
535	Past Perfect Tense	She had driven a car.
536	Past Perfect Continuous Tense	She had been driving a car.
537	Simple Future Tense	She will drive a car.
538	Future Continuous Tense	She will be driving a car.
539	Future Perfect Tense	She will have driven a car.
540	Future Perfect Continuous Tense	She will have been driving a car.
541	Simple Present Tense	He flies a plane.
542	Present Continuous Tense	He is flying a plane.
543	Present Perfect Tense	He has flown a plane.
544	Present Perfect Continuous Tense	He has been flying a plane.
545	Simple Past Tense	He flew a plane.
546	Past Continuous Tense	He was flying a plane.
547	Past Perfect Tense	He had flown a plane.
548	Past Perfect Continuous Tense	He had been flying a plane.
549	Simple Future Tense	He will fly a plane.
550	Future Continuous Tense	He will be flying a plane.
551	Future Perfect Tense	He will have flown a plane.
552	Future Perfect Continuous Tense	He will have been flying a plane.
553	Simple Present Tense	She gives a lecture.
554	Present Continuous Tense	She is giving a lecture.
555	Present Perfect Tense	She has given a lecture.
556	Present Perfect Continuous Tense	She has been giving a lecture.
557	Simple Past Tense	She gave a lecture.
558	Past Continuous Tense	She was giving a lecture.
559	Past Perfect Tense	She had given a lecture.
560	Past Perfect Continuous Tense	She had been giving a lecture.
561	Simple Future Tense	She will give a lecture.
562	Future Continuous Tense	She will be giving a lecture.
563	Future Perfect Tense	She will have given a lecture.
564	Future Perfect Continuous Tense	She will have been giving a lecture.
565	Simple Present Tense	He sleeps.
566	Present Continuous Tense	He is sleeping.
567	Present Perfect Tense	He has slept.
568	Present Perfect Continuous Tense	He has been sleeping.
569	Simple Past Tense	He slept.
570	Past Continuous Tense	He was sleeping.
571	Past Perfect Tense	He had slept.
572	Past Perfect Continuous Tense	He had been sleeping.
573	Simple Future Tense	He will sleep.
574	Future Continuous Tense	He will be sleeping.
575	Future Perfect Tense	He will have slept.
576	Future Perfect Continuous Tense	He will have been sleeping.
577	Simple Present Tense	He calls her.
578	Present Continuous Tense	He is calling her.
579	Present Perfect Tense	He has called her.
580	Present Perfect Continuous Tense	He has been calling her.
581	Simple Past Tense	He called her.
582	Past Continuous Tense	He was calling her.
583	Past Perfect Tense	He had called her.
584	Past Perfect Continuous Tense	He had been calling her.
585	Simple Future Tense	He will call her.
586	Future Continuous Tense	He will be calling her.
587	Future Perfect Tense	He will have called her.
588	Future Perfect Continuous Tense	He will have been calling her.
589	Simple Present Tense	She leaves him.
590	Present Continuous Tense	She is leaving him.
591	Present Perfect Tense	She has left him.
592	Present Perfect Continuous Tense	She has been leaving him.
593	Simple Past Tense	She left him.
594	Past Continuous Tense	She was leaving him.
595	Past Perfect Tense	She had left him.
596	Past Perfect Continuous Tense	She had been leaving him.
597	Simple Future Tense	She will leave him.
598	Future Continuous Tense	She will be leaving him.
599	Future Perfect Tense	She will have left him.
600	Future Perfect Continuous Tense	She will have been leaving him.
601	Simple Present Tense	He makes her happy.
602	Present Continuous Tense	He is making her happy.
603	Present Perfect Tense	He has made her happy.
604	Present Perfect Continuous Tense	He has been making her happy.
605	Simple Past Tense	He made her happy.
606	Past Continuous Tense	He was making her happy.
607	Past Perfect Tense	He had made her happy.
608	Past Perfect Continuous Tense	He had been making her happy.
609	Simple Future Tense	He will make her happy.
610	Future Continuous Tense	He will be making her happy.
611	Future Perfect Tense	He will have made her happy.
612	Future Perfect Continuous Tense	He will have been making her happy.
613	Simple Present Tense	She tells him.
614	Present Continuous Tense	She is telling him.
615	Present Perfect Tense	She has told him.
616	Present Perfect Continuous Tense	She has been telling him.
617	Simple Past Tense	She told him.
618	Past Continuous Tense	She was telling him.
619	Past Perfect Tense	She had told him.
620	Past Perfect Continuous Tense	She had been telling him.
621	Simple Future Tense	She will tell him.
622	Future Continuous Tense	She will be telling him.
623	Future Perfect Tense	She will have told him.
624	Future Perfect Continuous Tense	She will have been telling him.
625	Simple Present Tense	He lets her go.
626	Present Continuous Tense	He is letting her go.
627	Present Perfect Tense	He has let her go.
628	Present Perfect Continuous Tense	He has been letting her go.
629	Simple Past Tense	He let her go.
630	Past Continuous Tense	He was letting her go.
631	Past Perfect Tense	He had let her go.
632	Past Perfect Continuous Tense	He had been letting her go.
633	Simple Future Tense	He will let her go.
634	Future Continuous Tense	He will be letting her go.
635	Future Perfect Tense	He will have let her go.
636	Future Perfect Continuous Tense	He will have been letting her go.
637	Simple Present Tense	He takes her out.
638	Present Continuous Tense	He is taking her out.
639	Present Perfect Tense	He has taken her out.
640	Present Perfect Continuous Tense	He has been taking her out.
641	Simple Past Tense	He took her out.
642	Past Continuous Tense	He was taking her out.
643	Past Perfect Tense	He had taken her out.
644	Past Perfect Continuous Tense	He had been taking her out.
645	Simple Future Tense	He will take her out.
646	Future Continuous Tense	He will be taking her out.
647	Future Perfect Tense	He will have taken her out.
648	Future Perfect Continuous Tense	He will have been taking her out.
649	Simple Present Tense	He likes her.
650	Present Continuous Tense	He is liking her.
651	Present Perfect Tense	He has liked her.
652	Present Perfect Continuous Tense	He has been liking her.
653	Simple Past Tense	He liked her.
654	Past Continuous Tense	He was liking her.
655	Past Perfect Tense	He had liked her.
656	Past Perfect Continuous Tense	He had been liking her.
657	Simple Future Tense	He will like her.
658	Future Continuous Tense	He will be liking her.
659	Future Perfect Tense	He will have liked her.
660	Future Perfect Continuous Tense	He will have been liking her.
661	Simple Present Tense	She gives him a dollar.
662	Present Continuous Tense	She is giving him a dollar.
663	Present Perfect Tense	She has given him a dollar.
664	Present Perfect Continuous Tense	She has been giving him a dollar.
665	Simple Past Tense	She gave him a dollar.
666	Past Continuous Tense	She was giving him a dollar.
667	Past Perfect Tense	She had given him a dollar.
668	Past Perfect Continuous Tense	She had been giving him a dollar.
669	Simple Future Tense	She will give him a dollar.
670	Future Continuous Tense	She will be giving him a dollar.
671	Future Perfect Tense	She will have given him a dollar.
672	Future Perfect Continuous Tense	She will have been giving him a dollar.
673	Simple Present Tense	He believes it.
674	Present Continuous Tense	He is believing it.
675	Present Perfect Tense	He has believed it.
676	Present Perfect Continuous Tense	He has been believing it.
677	Simple Past Tense	He believed it.
678	Past Continuous Tense	He was believing it.
679	Past Perfect Tense	He had believed it.
680	Past Perfect Continuous Tense	He had been believing it.
681	Simple Future Tense	He will believe it.
682	Future Continuous Tense	He will be believing it.
683	Future Perfect Tense	He will have believed it.
684	Future Perfect Continuous Tense	He will have been believing it.
685	Simple Present Tense	She seems nice.
686	Present Continuous Tense	She is seeming nice.
687	Present Perfect Tense	She has seemed nice.
688	Present Perfect Continuous Tense	She has been seeming nice.
689	Simple Past Tense	She seemed nice.
690	Past Continuous Tense	She was seeming nice.
691	Past Perfect Tense	She had seemed nice.
692	Past Perfect Continuous Tense	She had been seeming nice.
693	Simple Future Tense	She will seem nice.
694	Future Continuous Tense	She will be seeming nice.
695	Future Perfect Tense	She will have seemed nice.
696	Future Perfect Continuous Tense	She will have been seeming nice.
697	Simple Present Tense	She runs.
698	Present Continuous Tense	She is running.
699	Present Perfect Tense	She has run.
700	Present Perfect Continuous Tense	She has been running.
701	Simple Past Tense	She ran.
702	Past Continuous Tense	She was running.
703	Past Perfect Tense	She had run.
704	Past Perfect Continuous Tense	She had been running.
705	Simple Future Tense	She will run.
706	Future Continuous Tense	She will be running.
707	Future Perfect Tense	She will have run.
708	Future Perfect Continuous Tense	She will have been running.
709	Simple Present Tense	She looks nice.
710	Present Continuous Tense	She is looking nice.
711	Present Perfect Tense	She has looked nice.
712	Present Perfect Continuous Tense	She has been looking nice.
713	Simple Past Tense	She looked nice.
714	Past Continuous Tense	She was looking nice.
715	Past Perfect Tense	She had looked nice.
716	Past Perfect Continuous Tense	She had been looking nice.
717	Simple Future Tense	She will look nice.
718	Future Continuous Tense	She will be looking nice.
719	Future Perfect Tense	She will have looked nice.
720	Future Perfect Continuous Tense	She will have been looking nice.
721	Simple Present Tense	She walks.
722	Present Continuous Tense	She is walking.
723	Present Perfect Tense	She has walked.
724	Present Perfect Continuous Tense	She has been walking.
725	Simple Past Tense	She walked.
726	Past Continuous Tense	She was walking.
727	Past Perfect Tense	She had walked.
728	Past Perfect Continuous Tense	She had been walking.
729	Simple Future Tense	She will walk.
730	Future Continuous Tense	She will be walking.
731	Future Perfect Tense	She will have walked.
732	Future Perfect Continuous Tense	She will have been walking.
733	Simple Present Tense	It starts.
734	Present Continuous Tense	It is starting.
735	Present Perfect Tense	It has started.
736	Present Perfect Continuous Tense	It has been starting.
737	Simple Past Tense	It started.
738	Past Continuous Tense	It was starting.
739	Past Perfect Tense	It had started.
740	Past Perfect Continuous Tense	It had been starting.
741	Simple Future Tense	It will start.
742	Future Continuous Tense	It will be starting.
743	Future Perfect Tense	It will have started.
744	Future Perfect Continuous Tense	It will have been starting.
745	Simple Present Tense	He helps.
746	Present Continuous Tense	He is helping.
747	Present Perfect Tense	He has helped.
748	Present Perfect Continuous Tense	He has been helping.
749	Simple Past Tense	He helped.
750	Past Continuous Tense	He was helping.
751	Past Perfect Tense	He had helped.
752	Past Perfect Continuous Tense	He had been helping.
753	Simple Future Tense	He will help.
754	Future Continuous Tense	He will be helping.
755	Future Perfect Tense	He will have helped.
756	Future Perfect Continuous Tense	He will have been helping.
757	Simple Present Tense	He moves.
758	Present Continuous Tense	He is moving.
759	Present Perfect Tense	He has moved.
760	Present Perfect Continuous Tense	He has been moving.
761	Simple Past Tense	He moved.
762	Past Continuous Tense	He was moving.
763	Past Perfect Tense	He had moved.
764	Past Perfect Continuous Tense	He had been moving.
765	Simple Future Tense	He will move.
766	Future Continuous Tense	He will be moving.
767	Future Perfect Tense	He will have moved.
768	Future Perfect Continuous Tense	He will have been moving.
769	Simple Present Tense	He turns around.
770	Present Continuous Tense	He is turning around.
771	Present Perfect Tense	He has turned around.
772	Present Perfect Continuous Tense	He has been turning around.
773	Simple Past Tense	He turned around.
774	Past Continuous Tense	He was turning around.
775	Past Perfect Tense	He had turned around.
776	Past Perfect Continuous Tense	He had been turning around.
777	Simple Future Tense	He will turn around.
778	Future Continuous Tense	He will be turning around.
779	Future Perfect Tense	He will have turned around.
780	Future Perfect Continuous Tense	He will have been turning around.
781	Simple Present Tense	It happens.
782	Present Continuous Tense	It is happening.
783	Present Perfect Tense	It has happened.
784	Present Perfect Continuous Tense	It has been happening.
785	Simple Past Tense	It happened.
786	Past Continuous Tense	It was happening.
787	Past Perfect Tense	It had happened.
788	Past Perfect Continuous Tense	It had been happening.
789	Simple Future Tense	It will happen.
790	Future Continuous Tense	It will be happening.
791	Future Perfect Tense	It will have happened.
792	Future Perfect Continuous Tense	It will have been happening.
793	Simple Present Tense	He arrives.
794	Present Continuous Tense	He is arriving.
795	Present Perfect Tense	He has arrived.
796	Present Perfect Continuous Tense	He has been arriving.
797	Simple Past Tense	He arrived.
798	Past Continuous Tense	He was arriving.
799	Past Perfect Tense	He had arrived.
800	Past Perfect Continuous Tense	He had been arriving.
801	Simple Future Tense	He will arrive.
802	Future Continuous Tense	He will be arriving.
803	Future Perfect Tense	He will have arrived.
804	Future Perfect Continuous Tense	He will have been arriving.
805	Simple Present Tense	She stops.
806	Present Continuous Tense	She is stopping.
807	Present Perfect Tense	She has stopped.
808	Present Perfect Continuous Tense	She has been stopping.
809	Simple Past Tense	She stopped.
810	Past Continuous Tense	She was stopping.
811	Past Perfect Tense	She had stopped.
812	Past Perfect Continuous Tense	She had been stopping.
813	Simple Future Tense	She will stop.
814	Future Continuous Tense	She will be stopping.
815	Future Perfect Tense	She will have stopped.
816	Future Perfect Continuous Tense	She will have been stopping.
817	Simple Present Tense	She pays a lot.
818	Present Continuous Tense	She is paying a lot.
819	Present Perfect Tense	She has paid a lot.
820	Present Perfect Continuous Tense	She has been paying a lot.
821	Simple Past Tense	She paid a lot.
822	Past Continuous Tense	She was paying a lot.
823	Past Perfect Tense	She had paid a lot.
824	Past Perfect Continuous Tense	She had been paying a lot.
825	Simple Future Tense	She will pay a lot.
826	Future Continuous Tense	She will be paying a lot.
827	Future Perfect Tense	She will have paid a lot.
828	Future Perfect Continuous Tense	She will have been paying a lot.
829	Simple Present Tense	He smiles.
830	Present Continuous Tense	He is smiling.
831	Present Perfect Tense	He has smiled.
832	Present Perfect Continuous Tense	He has been smiling.
833	Simple Past Tense	He smiled.
834	Past Continuous Tense	He was smiling.
835	Past Perfect Tense	He had smiled.
836	Past Perfect Continuous Tense	He had been smiling.
837	Simple Future Tense	He will smile.
838	Future Continuous Tense	He will be smiling.
839	Future Perfect Tense	He will have smiled.
840	Future Perfect Continuous Tense	He will have been smiling.
841	Simple Present Tense	He sells a lot.
842	Present Continuous Tense	He is selling a lot.
843	Present Perfect Tense	He has sold a lot.
844	Present Perfect Continuous Tense	He has been selling a lot.
845	Simple Past Tense	He sold a lot.
846	Past Continuous Tense	He was selling a lot.
847	Past Perfect Tense	He had sold a lot.
848	Past Perfect Continuous Tense	He had been selling a lot.
849	Simple Future Tense	He will sell a lot.
850	Future Continuous Tense	He will be selling a lot.
851	Future Perfect Tense	He will have sold a lot.
852	Future Perfect Continuous Tense	He will have been selling a lot.
853	Simple Present Tense	She gets up at 7
854	Present Continuous Tense	She is getting up at 7
855	Present Perfect Tense	She has gotten up at 7
856	Present Perfect Continuous Tense	She has been getting up at 7
857	Simple Past Tense	She got up at 7
858	Past Continuous Tense	She was getting up at 7
859	Past Perfect Tense	She had gotten up at 7
860	Past Perfect Continuous Tense	She had been getting up at 7
861	Simple Future Tense	She will get up at 7
862	Future Continuous Tense	She will be getting up at 7
863	Future Perfect Tense	She will have gotten up at 7
864	Future Perfect Continuous Tense	She will have been getting up at 7
865	Simple Present Tense	He allows it.
866	Present Continuous Tense	He is allowing it.
867	Present Perfect Tense	He has allowed it.
868	Present Perfect Continuous Tense	He has been allowing it.
869	Simple Past Tense	He allowed it.
870	Past Continuous Tense	He was allowing it.
871	Past Perfect Tense	He had allowed it.
872	Past Perfect Continuous Tense	He had been allowing it.
873	Simple Future Tense	He will allow it.
874	Future Continuous Tense	He will be allowing it.
875	Future Perfect Tense	He will have allowed it.
876	Future Perfect Continuous Tense	He will have been allowing it.
877	Simple Present Tense	He teaches.
878	Present Continuous Tense	He is teaching.
879	Present Perfect Tense	He has taught.
880	Present Perfect Continuous Tense	He has been teaching.
881	Simple Past Tense	He taught.
882	Past Continuous Tense	He was teaching.
883	Past Perfect Tense	He had taught.
884	Past Perfect Continuous Tense	He had been teaching.
885	Simple Future Tense	He will teach.
886	Future Continuous Tense	He will be teaching.
887	Future Perfect Tense	He will have taught.
888	Future Perfect Continuous Tense	He will have been teaching.
889	Simple Present Tense	She considers it important.
890	Present Continuous Tense	She is considering it important.
891	Present Perfect Tense	She has considered it important.
892	Present Perfect Continuous Tense	She has been considering it important.
893	Simple Past Tense	She considered it important.
894	Past Continuous Tense	She was considering it important.
895	Past Perfect Tense	She had considered it important.
896	Past Perfect Continuous Tense	She had been considering it important.
897	Simple Future Tense	She will consider it important.
898	Future Continuous Tense	She will be considering it important.
899	Future Perfect Tense	She will have considered it important.
900	Future Perfect Continuous Tense	She will have been considering it important.
901	Simple Present Tense	She applies it.
902	Present Continuous Tense	She is applying it.
903	Present Perfect Tense	She has applied it.
904	Present Perfect Continuous Tense	She has been applying it.
905	Simple Past Tense	She applied it.
906	Past Continuous Tense	She was applying it.
907	Past Perfect Tense	She had applied it.
908	Past Perfect Continuous Tense	She had been applying it.
909	Simple Future Tense	She will apply it.
910	Future Continuous Tense	She will be applying it.
911	Future Perfect Tense	She will have applied it.
912	Future Perfect Continuous Tense	She will have been applying it.
913	Simple Present Tense	he avoids it.
914	Present Continuous Tense	he is avoiding it.
915	Present Perfect Tense	he has avoided it.
916	Present Perfect Continuous Tense	he has been avoiding it.
917	Simple Past Tense	he avoided it.
918	Past Continuous Tense	he was avoiding it.
919	Past Perfect Tense	he had avoided it.
920	Past Perfect Continuous Tense	he had been avoiding it.
921	Simple Future Tense	he will avoid it.
922	Future Continuous Tense	he will be avoiding it.
923	Future Perfect Tense	he will have avoided it.
924	Future Perfect Continuous Tense	he will have been avoiding it.
925	Simple Present Tense	He bets.
926	Present Continuous Tense	He is betting.
927	Present Perfect Tense	He has bet.
928	Present Perfect Continuous Tense	He has been betting.
929	Simple Past Tense	He bet.
930	Past Continuous Tense	He was betting.
931	Past Perfect Tense	He had bet.
932	Past Perfect Continuous Tense	He had been betting.
933	Simple Future Tense	He will bet.
934	Future Continuous Tense	He will be betting.
935	Future Perfect Tense	He will have bet.
936	Future Perfect Continuous Tense	He will have been betting.
937	Simple Present Tense	It rises.
938	Present Continuous Tense	It is rising.
939	Present Perfect Tense	It has risen.
940	Present Perfect Continuous Tense	It has been rising.
941	Simple Past Tense	It rose.
942	Past Continuous Tense	It was rising.
943	Past Perfect Tense	It had risen.
944	Past Perfect Continuous Tense	It had been rising.
945	Simple Future Tense	It will rise.
946	Future Continuous Tense	It will be rising.
947	Future Perfect Tense	It will have risen.
948	Future Perfect Continuous Tense	It will have been rising.
949	Simple Present Tense	He admits it.
950	Present Continuous Tense	He is admitting it.
951	Present Perfect Tense	He has admitted it.
952	Present Perfect Continuous Tense	He has been admitting it.
953	Simple Past Tense	He admitted it.
954	Past Continuous Tense	He was admitting it.
955	Past Perfect Tense	He had admitted it.
956	Past Perfect Continuous Tense	He had been admitting it.
957	Simple Future Tense	He will admits it.
958	Future Continuous Tense	He will be admitting it.
959	Future Perfect Tense	He will have admitted it.
960	Future Perfect Continuous Tense	He will have been admitting it.
961	Simple Present Tense	She bakes.
962	Present Continuous Tense	She is baking.
963	Present Perfect Tense	She has baked.
964	Present Perfect Continuous Tense	She has been baking.
965	Simple Past Tense	She baked.
966	Past Continuous Tense	She was baking.
967	Past Perfect Tense	She had baked.
968	Past Perfect Continuous Tense	She had been baking.
969	Simple Future Tense	She will bake.
970	Future Continuous Tense	She will be baking.
971	Future Perfect Tense	She will have baked.
972	Future Perfect Continuous Tense	She will have been baking.
973	Simple Present Tense	He owes it.
974	Present Continuous Tense	He is owing it.
975	Present Perfect Tense	He has owed it.
976	Present Perfect Continuous Tense	He has been owing it.
977	Simple Past Tense	He owed it.
978	Past Continuous Tense	He was owing it.
979	Past Perfect Tense	He had owed it.
980	Past Perfect Continuous Tense	He had been owing it.
981	Simple Future Tense	He will owe it.
982	Future Continuous Tense	He will be owing it.
983	Future Perfect Tense	He will have owed it.
984	Future Perfect Continuous Tense	He will have been owing it.
985	Simple Present Tense	She wins.
986	Present Continuous Tense	She is winning.
987	Present Perfect Tense	She has won.
988	Present Perfect Continuous Tense	She has been winning.
989	Simple Past Tense	She won.
990	Past Continuous Tense	She was winning.
991	Past Perfect Tense	She had won.
992	Past Perfect Continuous Tense	She had been winning.
993	Simple Future Tense	She will win.
994	Future Continuous Tense	She will be winning.
995	Future Perfect Tense	She will have won.
996	Future Perfect Continuous Tense	She will have been winning.
997	Simple Present Tense	He creates something.
998	Present Continuous Tense	He is creating something.
999	Present Perfect Tense	He has created something.
1000	Present Perfect Continuous Tense	He has been creating something.
1001	Simple Past Tense	He created something.
1002	Past Continuous Tense	He was creating something.
1003	Past Perfect Tense	He had created something.
1004	Past Perfect Continuous Tense	He had been creating something.
1005	Simple Future Tense	He will create something.
1006	Future Continuous Tense	He will be creating something.
1007	Future Perfect Tense	He will have created something.
1008	Future Perfect Continuous Tense	He will have been creating something.
1009	Simple Present Tense	She causes something.
1010	Present Continuous Tense	She is causing something.
1011	Present Perfect Tense	She has caused something.
1012	Present Perfect Continuous Tense	She has been causing something.
1013	Simple Past Tense	She caused something.
1014	Past Continuous Tense	She was causing something.
1015	Past Perfect Tense	She had caused something.
1016	Past Perfect Continuous Tense	She had been causing something.
1017	Simple Future Tense	She will cause something.
1018	Future Continuous Tense	She will be causing something.
1019	Future Perfect Tense	She will have caused something.
1020	Future Perfect Continuous Tense	She will have been causing something.
1021	Simple Present Tense	She understands something.
1022	Present Continuous Tense	She is understanding something.
1023	Present Perfect Tense	She has understood something.
1024	Present Perfect Continuous Tense	She has been understanding something.
1025	Simple Past Tense	She understood something.
1026	Past Continuous Tense	She was understanding something.
1027	Past Perfect Tense	She had understood something.
1028	Past Perfect Continuous Tense	She had been understanding something.
1029	Simple Future Tense	She will understand something.
1030	Future Continuous Tense	She will be understanding something.
1031	Future Perfect Tense	She will have understood something.
1032	Future Perfect Continuous Tense	She will have been understanding something.
1033	Simple Present Tense	She joins the party.
1034	Present Continuous Tense	She is joining the party.
1035	Present Perfect Tense	She has joined the party.
1036	Present Perfect Continuous Tense	She has been joining the party.
1037	Simple Past Tense	She joined the party.
1038	Past Continuous Tense	She was joining the party.
1039	Past Perfect Tense	She had joined the party.
1040	Past Perfect Continuous Tense	She had been joining the party.
1041	Simple Future Tense	She will join the party.
1042	Future Continuous Tense	She will be joining the party.
1043	Future Perfect Tense	She will have joined the party.
1044	Future Perfect Continuous Tense	She will have been joining the party.
1045	Simple Present Tense	She grows something.
1046	Present Continuous Tense	She is growing something.
1047	Present Perfect Tense	She has grown something.
1048	Present Perfect Continuous Tense	She has been growing something.
1049	Simple Past Tense	She grew something.
1050	Past Continuous Tense	She was growing something.
1051	Past Perfect Tense	She had grown something.
1052	Past Perfect Continuous Tense	She had been growing something.
1053	Simple Future Tense	She will grow something.
1054	Future Continuous Tense	She will be growing something.
1055	Future Perfect Tense	She will have grown something.
1056	Future Perfect Continuous Tense	She will have been growing something.
1057	Simple Present Tense	He paints something.
1058	Present Continuous Tense	He is painting something.
1059	Present Perfect Tense	He has painted something.
1060	Present Perfect Continuous Tense	He has been painting something.
1061	Simple Past Tense	He painted something.
1062	Past Continuous Tense	He was painting something.
1063	Past Perfect Tense	He had painted something.
1064	Past Perfect Continuous Tense	He had been painting something.
1065	Simple Future Tense	He will paint something.
1066	Future Continuous Tense	He will be painting something.
1067	Future Perfect Tense	He will have painted something.
1068	Future Perfect Continuous Tense	He will have been painting something.
1069	Simple Present Tense	She produces something.
1070	Present Continuous Tense	She is producing something.
1071	Present Perfect Tense	She has produced something.
1072	Present Perfect Continuous Tense	She has been producing something.
1073	Simple Past Tense	She produced something.
1074	Past Continuous Tense	She was producing something.
1075	Past Perfect Tense	She had produced something.
1076	Past Perfect Continuous Tense	She had been producing something.
1077	Simple Future Tense	She will produce something.
1078	Future Continuous Tense	She will be producing something.
1079	Future Perfect Tense	She will have produced something.
1080	Future Perfect Continuous Tense	She will have been producing something.
1081	Simple Present Tense	He transports something.
1082	Present Continuous Tense	He is transporting something.
1083	Present Perfect Tense	He has transported something.
1084	Present Perfect Continuous Tense	He has been transporting something.
1085	Simple Past Tense	He transported something.
1086	Past Continuous Tense	He was transporting something.
1087	Past Perfect Tense	He had transported something.
1088	Past Perfect Continuous Tense	He had been transporting something.
1089	Simple Future Tense	He will transport something.
1090	Future Continuous Tense	He will be transporting something.
1091	Future Perfect Tense	He will have transported something.
1092	Future Perfect Continuous Tense	He will have been transporting something.
1093	Simple Present Tense	She improves something.
1094	Present Continuous Tense	She is improving something.
1095	Present Perfect Tense	She has improved something.
1096	Present Perfect Continuous Tense	She has been improving something.
1097	Simple Past Tense	She improved something.
1098	Past Continuous Tense	She was improving something.
1099	Past Perfect Tense	She had improved something.
1100	Past Perfect Continuous Tense	She had been improving something.
1101	Simple Future Tense	She will improve something.
1102	Future Continuous Tense	She will be improving something.
1103	Future Perfect Tense	She will have improved something.
1104	Future Perfect Continuous Tense	She will have been improving something.
1105	Simple Present Tense	She buys.
1106	Present Continuous Tense	She is buying.
1107	Present Perfect Tense	She has bought.
1108	Present Perfect Continuous Tense	She has been buying.
1109	Simple Past Tense	She bought.
1110	Past Continuous Tense	She was buying.
1111	Past Perfect Tense	She had bought.
1112	Past Perfect Continuous Tense	She had been buying.
1113	Simple Future Tense	She will buy.
1114	Future Continuous Tense	She will be buying.
1115	Future Perfect Tense	She will have bought.
1116	Future Perfect Continuous Tense	She will have been buying.
1117	Simple Present Tense	He apologizes.
1118	Present Continuous Tense	He is apologizing.
1119	Present Perfect Tense	He has apologized.
1120	Present Perfect Continuous Tense	He has been apologizing.
1121	Simple Past Tense	He apologized.
1122	Past Continuous Tense	He was apologizing.
1123	Past Perfect Tense	He had apologized.
1124	Past Perfect Continuous Tense	He had been apologizing.
1125	Simple Future Tense	He will apologize.
1126	Future Continuous Tense	He will be apologizing.
1127	Future Perfect Tense	He will have apologized.
1128	Future Perfect Continuous Tense	He will have been apologizing.
1129	Simple Present Tense	He argues with someone.
1130	Present Continuous Tense	He is arguing with someone.
1131	Present Perfect Tense	He has argued with someone.
1132	Present Perfect Continuous Tense	He has been arguing with someone.
1133	Simple Past Tense	He argued with someone.
1134	Past Continuous Tense	He was arguing with someone.
1135	Past Perfect Tense	He had argued with someone.
1136	Past Perfect Continuous Tense	He had been arguing with someone.
1137	Simple Future Tense	He will argue with someone.
1138	Future Continuous Tense	He will be arguing with someone.
1139	Future Perfect Tense	He will have argued with someone.
1140	Future Perfect Continuous Tense	He will have been arguing with someone.
1141	Simple Present Tense	She begins her day.
1142	Present Continuous Tense	She is beginning her day.
1143	Present Perfect Tense	She has begun her day.
1144	Present Perfect Continuous Tense	She has been beginning her day.
1145	Simple Past Tense	She began her day.
1146	Past Continuous Tense	She was beginning her day.
1147	Past Perfect Tense	She had begun her day.
1148	Past Perfect Continuous Tense	She had been beginning her day.
1149	Simple Future Tense	She will begin her day.
1150	Future Continuous Tense	She will be beginning her day.
1151	Future Perfect Tense	She will have begun her day.
1152	Future Perfect Continuous Tense	She will have been beginning her day.
1153	Simple Present Tense	She designs something.
1154	Present Continuous Tense	She is designing something.
1155	Present Perfect Tense	She has designed something.
1156	Present Perfect Continuous Tense	She has been designing something.
1157	Simple Past Tense	She designed something.
1158	Past Continuous Tense	She was designing something.
1159	Past Perfect Tense	She had designed something.
1160	Past Perfect Continuous Tense	She had been designing something.
1161	Simple Future Tense	She will design something.
1162	Future Continuous Tense	She will be designing something.
1163	Future Perfect Tense	She will have designed something.
1164	Future Perfect Continuous Tense	She will have been designing something.
1165	Simple Present Tense	He repairs something.
1166	Present Continuous Tense	He is repairing something.
1167	Present Perfect Tense	He has repaired something.
1168	Present Perfect Continuous Tense	He has been repairing something.
1169	Simple Past Tense	He repaired something.
1170	Past Continuous Tense	He was repairing something.
1171	Past Perfect Tense	He had repaired something.
1172	Past Perfect Continuous Tense	He had been repairing something.
1173	Simple Future Tense	He will repair something.
1174	Future Continuous Tense	He will be repairing something.
1175	Future Perfect Tense	He will have repaired something.
1176	Future Perfect Continuous Tense	He will have been repairing something.
1177	Simple Present Tense	She earns some money.
1178	Present Continuous Tense	She is earning some money.
1179	Present Perfect Tense	She has earned some money.
1180	Present Perfect Continuous Tense	She has been earning some money.
1181	Simple Past Tense	She earned some money.
1182	Past Continuous Tense	She was earning some money.
1183	Past Perfect Tense	She had earned some money.
1184	Past Perfect Continuous Tense	She had been earning some money.
1185	Simple Future Tense	She will earn some money.
1186	Future Continuous Tense	She will be earning some money.
1187	Future Perfect Tense	She will have earned some money.
1188	Future Perfect Continuous Tense	She will have been earning some money.
1189	Simple Present Tense	He wears a shirt.
1190	Present Continuous Tense	He is wearing a shirt.
1191	Present Perfect Tense	He has worn a shirt.
1192	Present Perfect Continuous Tense	He has been wearing a shirt.
1193	Simple Past Tense	He wore a shirt.
1194	Past Continuous Tense	He was wearing a shirt.
1195	Past Perfect Tense	He had worn a shirt.
1196	Past Perfect Continuous Tense	He had been wearing a shirt.
1197	Simple Future Tense	He will wear a shirt.
1198	Future Continuous Tense	He will be wearing a shirt.
1199	Future Perfect Tense	He will have worn a shirt.
1200	Future Perfect Continuous Tense	He will have been wearing a shirt.
1201	Simple Present Tense	He infects someone.
1202	Present Continuous Tense	He is infecting someone.
1203	Present Perfect Tense	He has infected someone.
1204	Present Perfect Continuous Tense	He has been infecting someone.
1205	Simple Past Tense	He infected someone.
1206	Past Continuous Tense	He was infecting someone.
1207	Past Perfect Tense	He had infected someone.
1208	Past Perfect Continuous Tense	He had been infecting someone.
1209	Simple Future Tense	He will infect someone.
1210	Future Continuous Tense	He will be infecting someone.
1211	Future Perfect Tense	He will have infected someone.
1212	Future Perfect Continuous Tense	He will have been infecting someone.
1213	Simple Present Tense	She travels.
1214	Present Continuous Tense	She is traveling.
1215	Present Perfect Tense	She has traveled.
1216	Present Perfect Continuous Tense	She has been traveling.
1217	Simple Past Tense	She traveled.
1218	Past Continuous Tense	She was traveling.
1219	Past Perfect Tense	She had traveled.
1220	Past Perfect Continuous Tense	She had been traveling.
1221	Simple Future Tense	She will travel.
1222	Future Continuous Tense	She will be traveling.
1223	Future Perfect Tense	She will have traveled.
1224	Future Perfect Continuous Tense	She will have been traveling.
1225	Simple Present Tense	It sets out.
1226	Present Continuous Tense	It is setting out.
1227	Present Perfect Tense	It has set out.
1228	Present Perfect Continuous Tense	It has been setting out.
1229	Simple Past Tense	It set out.
1230	Past Continuous Tense	It was setting out.
1231	Past Perfect Tense	It had set out.
1232	Past Perfect Continuous Tense	It had been setting out.
1233	Simple Future Tense	It will set out.
1234	Future Continuous Tense	It will be setting out.
1235	Future Perfect Tense	It will have set out.
1236	Future Perfect Continuous Tense	It will have been setting out.
1237	Simple Present Tense	He cuts it.
1238	Present Continuous Tense	He is cutting it.
1239	Present Perfect Tense	He has cut it.
1240	Present Perfect Continuous Tense	He has been cutting it.
1241	Simple Past Tense	He cut it.
1242	Past Continuous Tense	He was cutting it.
1243	Past Perfect Tense	He had cut it.
1244	Past Perfect Continuous Tense	He had been cutting it.
1245	Simple Future Tense	He will cut it.
1246	Future Continuous Tense	He will be cutting it.
1247	Future Perfect Tense	He will have cut it.
1248	Future Perfect Continuous Tense	He will have been cutting it.
1249	Simple Present Tense	He corrects it.
1250	Present Continuous Tense	He is correcting it.
1251	Present Perfect Tense	He has corrected it.
1252	Present Perfect Continuous Tense	He has been correcting it.
1253	Simple Past Tense	He corrected it.
1254	Past Continuous Tense	He was correcting it.
1255	Past Perfect Tense	He had corrected it.
1256	Past Perfect Continuous Tense	He had been correcting it.
1257	Simple Future Tense	He will correct it.
1258	Future Continuous Tense	He will be correcting it.
1259	Future Perfect Tense	He will have corrected it.
1260	Future Perfect Continuous Tense	He will have been correcting it.
1261	Simple Present Tense	He finishes.
1262	Present Continuous Tense	He is finishing.
1263	Present Perfect Tense	He has finished.
1264	Present Perfect Continuous Tense	He has been finishing.
1265	Simple Past Tense	He finished.
1266	Past Continuous Tense	He was finishing.
1267	Past Perfect Tense	He had finished.
1268	Past Perfect Continuous Tense	He had been finishing.
1269	Simple Future Tense	He will finish.
1270	Future Continuous Tense	He will be finishing.
1271	Future Perfect Tense	He will have finished.
1272	Future Perfect Continuous Tense	He will have been finishing.
1273	Simple Present Tense	He loses.
1274	Present Continuous Tense	He is losing.
1275	Present Perfect Tense	He has lost.
1276	Present Perfect Continuous Tense	He has been losing.
1277	Simple Past Tense	He lost.
1278	Past Continuous Tense	He was losing.
1279	Past Perfect Tense	He had lost.
1280	Past Perfect Continuous Tense	He had been losing.
1281	Simple Future Tense	He will lose.
1282	Future Continuous Tense	He will be losing.
1283	Future Perfect Tense	He will have lost.
1284	Future Perfect Continuous Tense	He will have been losing.
1285	Simple Present Tense	She feels bad.
1286	Present Continuous Tense	She is feeling bad.
1287	Present Perfect Tense	She has felt bad.
1288	Present Perfect Continuous Tense	She has been feeling bad.
1289	Simple Past Tense	She felt bad.
1290	Past Continuous Tense	She was feeling bad.
1291	Past Perfect Tense	She had felt bad.
1292	Past Perfect Continuous Tense	She had been feeling bad.
1293	Simple Future Tense	She will feel bad.
1294	Future Continuous Tense	She will be feeling bad.
1295	Future Perfect Tense	She will have felt bad.
1296	Future Perfect Continuous Tense	She will have been feeling bad.
1297	Simple Present Tense	He cries.
1298	Present Continuous Tense	He is crying.
1299	Present Perfect Tense	He has cried.
1300	Present Perfect Continuous Tense	He has been crying.
1301	Simple Past Tense	He cried.
1302	Past Continuous Tense	He was crying.
1303	Past Perfect Tense	He had cried.
1304	Past Perfect Continuous Tense	He had been crying.
1305	Simple Future Tense	He will cry.
1306	Future Continuous Tense	He will be crying.
1307	Future Perfect Tense	He will have cried.
1308	Future Perfect Continuous Tense	He will have been crying.
1309	Simple Present Tense	He gets it.
1310	Present Continuous Tense	He is getting it.
1311	Present Perfect Tense	He has got it.
1312	Present Perfect Continuous Tense	He has been getting it.
1313	Simple Past Tense	He got it.
1314	Past Continuous Tense	He was getting it.
1315	Past Perfect Tense	He had got it.
1316	Past Perfect Continuous Tense	He had been getting it.
1317	Simple Future Tense	He will get it.
1318	Future Continuous Tense	He will be getting it.
1319	Future Perfect Tense	He will have got it.
1320	Future Perfect Continuous Tense	He will have been getting it.
1321	Simple Present Tense	He cares.
1322	Present Continuous Tense	He is caring.
1323	Present Perfect Tense	He has cared.
1324	Present Perfect Continuous Tense	He has been caring.
1325	Simple Past Tense	He cared.
1326	Past Continuous Tense	He was caring.
1327	Past Perfect Tense	He had cared.
1328	Past Perfect Continuous Tense	He had been caring.
1329	Simple Future Tense	He will care.
1330	Future Continuous Tense	He will be caring.
1331	Future Perfect Tense	He will have cared.
1332	Future Perfect Continuous Tense	He will have been caring.
1333	Simple Present Tense	She praises him.
1334	Present Continuous Tense	She is praising him.
1335	Present Perfect Tense	She has praised him.
1336	Present Perfect Continuous Tense	She has been praising him.
1337	Simple Past Tense	She praised him.
1338	Past Continuous Tense	She was praising him.
1339	Past Perfect Tense	She had praised him.
1340	Past Perfect Continuous Tense	She had been praising him.
1341	Simple Future Tense	She will praise him.
1342	Future Continuous Tense	She will be praising him.
1343	Future Perfect Tense	She will have praised him.
1344	Future Perfect Continuous Tense	She will have been praising him.
1345	Simple Present Tense	She listens.
1346	Present Continuous Tense	She is listening.
1347	Present Perfect Tense	She has listened.
1348	Present Perfect Continuous Tense	She has been listening.
1349	Simple Past Tense	She listened.
1350	Past Continuous Tense	She was listening.
1351	Past Perfect Tense	She had listened.
1352	Past Perfect Continuous Tense	She had been listening.
1353	Simple Future Tense	She will listen.
1354	Future Continuous Tense	She will be listening.
1355	Future Perfect Tense	She will have listened.
1356	Future Perfect Continuous Tense	She will have been listening.
1357	Simple Present Tense	She rides.
1358	Present Continuous Tense	She is riding.
1359	Present Perfect Tense	She has ridden.
1360	Present Perfect Continuous Tense	She has been riding.
1361	Simple Past Tense	She rode.
1362	Past Continuous Tense	She was riding.
1363	Past Perfect Tense	She had ridden.
1364	Past Perfect Continuous Tense	She had been riding.
1365	Simple Future Tense	She will ride.
1366	Future Continuous Tense	She will be riding.
1367	Future Perfect Tense	She will have ridden.
1368	Future Perfect Continuous Tense	She will have been riding.
